District,Crop_Year,Year_Start,Area_hectares,Production_tonnes,Yield_tonnes_per_hectare,Crop_Year_Norm,Station,Station_Abbr,Start_Year,End_Year,Start_Date,End_Date,Total_Days,Available_Days,Completeness_Pct,RAINFALL_MM_Total,RAINFALL_MM_Count,EVAPORATION_MM_Total,EVAPORATION_MM_Count,EVAPOTRANSPIRATION_MM_Total,EVAPOTRANSPIRATION_MM_Count,SUNSHINE_HOURS_Mean,SUNSHINE_HOURS_Count,MAX_TEMP_C_Mean,MAX_TEMP_C_Count,MIN_TEMP_C_Mean,MIN_TEMP_C_Count,MEAN_TEMP_C_Mean,MEAN_TEMP_C_Count,RH_0700_PERCENT_Mean,RH_0700_PERCENT_Count,RH_1400_PERCENT_Mean,RH_1400_PERCENT_Count,Core_Weather_Completeness_Pct,Heat_Days_Tmax_ge_35C,Heat_Days_Tmax_ge_38C,Dry_Days_Rain_lt_1mm,Heavy_Rain_Days_Rain_ge_50mm,RAINFALL_MM_Mean,EVAPORATION_MM_Mean,EVAPOTRANSPIRATION_MM_Mean,Period,Area_hectares_Change_Pct,Production_tonnes_Change_Pct,Yield_tonnes_per_hectare_Change_Pct,Yield_MA5,Area_MA5,Production_MA5,Scale_Category,Weather_High_Quality
Ahmednagar,1999 - 2000,1999,66600,5962900.0,89.53,1999-2000,Rahuri,RHI,1999.0,2000.0,1999-10-01,2000-09-30,366.0,76.0,20.76502732240437,0.0,8.0,28.0,8.0,23.7,8.0,33.825,8.0,21.4875,8.0,13.6375,8.0,14.75,8.0,66.0,8.0,31.75,8.0,2.185792349726776,0.0,0.0,8.0,0.0,,,,Period 1 (1999-2006),,,,78.55,61900.0,4907700.0,Medium (50-100k ha),False
Ahmednagar,2000 - 2001,2000,67100,5163900.0,76.96,2000-2001,Rahuri,RHI,2000.0,2001.0,2000-10-01,2001-09-30,365.0,0.0,0.0,0.0,0.0,0.0,0.0,0.0,0.0,,0.0,,0.0,,0.0,,0.0,,0.0,,0.0,0.0,0.0,0.0,0.0,0.0,,,,Period 1 (1999-2006),0.7507507507507505,-13.399520367606366,-14.039986596671516,75.6275,58775.0,4506525.0,Medium (50-100k ha),False
Ahmednagar,2001 - 2002,2001,52000,3596300.0,69.16,2001-2002,Rahuri,RHI,2001.0,2002.0,2001-10-01,2002-09-30,365.0,257.0,70.41095890410959,332.8,229.0,1339.5,229.0,693.9,229.0,7.125764192139738,229.0,32.713537117903925,229.0,19.564628820960696,229.0,26.136681222707423,229.0,71.82532751091703,229.0,40.71615720524017,229.0,62.73972602739726,68.0,35.0,204.0,2.0,,,,Period 1 (1999-2006),-22.503725782414307,-30.356900792037024,-10.135135135135132,70.032,53260.0,3902580.0,Medium (50-100k ha),False
Ahmednagar,2002 - 2003,2002,49400,3303000.0,66.86,2002-2003,Rahuri,RHI,2002.0,2003.0,2002-10-01,2003-09-30,365.0,350.0,95.8904109589041,265.20000000000005,329.0,1941.0,329.0,1202.6,329.0,7.603647416413375,329.0,33.328267477203646,329.0,17.88085106382979,329.0,25.52340425531915,329.0,66.75075987841946,329.0,35.0516717325228,329.0,90.13698630136986,98.0,60.0,307.0,0.0,,,,Period 1 (1999-2006),-5.000000000000004,-8.155604371159242,-3.3256217466743787,63.912,43340.0,2910360.0,Small (<50k ha),True
Ahmednagar,2003 - 2004,2003,31200,1486800.0,47.65,2003-2004,Rahuri,RHI,2003.0,2004.0,2003-10-01,2004-09-30,366.0,360.0,98.36065573770492,80.7,335.0,1745.2999999999995,335.0,1147.7,335.0,7.93910447761194,335.0,32.68626865671642,335.0,18.04388059701493,335.0,25.37611940298508,335.0,68.0865671641791,335.0,36.58716417910448,335.0,91.53005464480874,89.0,38.0,320.0,0.0,,,,Period 1 (1999-2006),-36.8421052631579,-54.986376021798364,-28.73167813341311,64.05199999999999,41240.0,2756640.0,Small (<50k ha),True
Ahmednagar,2004 - 2005,2004,17000,1001800.0,58.93,2004-2005,Rahuri,RHI,2004.0,2005.0,2004-10-01,2005-09-30,365.0,358.0,98.08219178082192,58.89999999999999,349.0,1777.0,349.0,1175.3,349.0,7.492263610315185,349.0,32.08223495702006,349.0,17.935243553008593,349.0,24.9730659025788,349.0,71.34383954154728,349.0,38.8730659025788,349.0,95.61643835616438,91.0,41.0,329.0,0.0,,,,Period 1 (1999-2006),-45.51282051282052,-32.62039278988431,23.672612801678916,63.348,49540.0,3264940.0,Small (<50k ha),True
Ahmednagar,2005 - 2006,2005,56600,4395300.0,77.66,2005-2006,Rahuri,RHI,2005.0,2006.0,2005-10-01,2006-09-30,365.0,362.0,99.17808219178085,61.1,356.0,1484.9,356.0,1226.2,356.0,7.500280898876404,356.0,31.803932584269663,356.0,17.382303370786516,356.0,24.62162921348315,356.0,71.31460674157303,356.0,37.10112359550562,356.0,97.53424657534246,82.0,29.0,337.0,0.0,,,,Period 1 (1999-2006),232.94117647058826,338.7402675184668,31.78347191583233,65.628,66320.0,4690740.0,Medium (50-100k ha),True
Ahmednagar,2006 - 2007,2006,93500,6137800.0,65.64,2006-2007,Rahuri,RHI,2006.0,2007.0,2006-10-01,2007-09-30,365.0,365.0,100.0,696.5999999999999,362.0,1755.3,362.0,1310.2,362.0,7.480662983425415,362.0,32.421270718232044,362.0,18.303591160221,362.0,25.34171270718232,362.0,71.6767955801105,362.0,41.45580110497237,362.0,99.17808219178085,87.0,46.0,315.0,3.0,,,,Period 1 (1999-2006),65.19434628975264,39.644620389962014,-15.477723409734734,70.458,75580.0,5506340.0,Medium (50-100k ha),True
Ahmednagar,2007 - 2008,2007,133300,10432000.0,78.26,2007-2008,Rahuri,RHI,2007.0,2008.0,2007-10-01,2008-09-30,366.0,366.0,100.0,542.8000000000001,342.0,1959.3,342.0,1189.5,342.0,7.208187134502923,342.0,32.55555555555556,342.0,17.48625730994152,342.0,25.040058479532167,342.0,70.95029239766082,342.0,36.66081871345029,342.0,93.44262295081968,87.0,48.0,309.0,2.0,,,,Period 2 (2006-2013),42.56684491978611,69.96317898921438,19.226081657525906,75.44200000000001,87300.0,6573780.0,Large (>=100k ha),True
Ahmednagar,2008 - 2009,2008,77500,5564800.0,71.8,2008-2009,Rahuri,RHI,2008.0,2009.0,2008-10-01,2009-09-30,365.0,365.0,100.0,299.2,279.0,1743.1,279.0,1301.6,279.0,8.867383512544803,279.0,33.72258064516129,279.0,19.370967741935484,279.0,26.567383512544808,279.0,68.37992831541219,279.0,36.45089605734767,279.0,76.43835616438356,115.0,53.0,250.0,0.0,,,,Period 2 (2006-2013),-41.860465116279066,-46.65644171779141,-8.254536161512915,78.19,101180.0,7998000.0,Medium (50-100k ha),False
Ahmednagar,2009 - 2010,2009,75600,6339000.0,83.85,2009-2010,Rahuri,RHI,2009.0,2010.0,2009-10-01,2010-09-30,365.0,365.0,100.0,906.2,351.0,1974.6,351.0,692.1999999999999,351.0,6.968660968660969,351.0,33.023931623931624,351.0,18.15498575498576,351.0,25.626780626780626,351.0,70.0,351.0,40.4985754985755,351.0,96.16438356164385,101.0,62.0,300.0,4.0,,,,Period 2 (2006-2013),-2.4516129032258083,13.912449683726269,16.78272980501392,83.408,108380.0,9146280.0,Medium (50-100k ha),True
Ahmednagar,2010 - 2011,2010,126000,11516400.0,91.4,2010-2011,Rahuri,RHI,2010.0,2011.0,2010-10-01,2011-09-30,365.0,365.0,100.0,163.0,75.0,311.00000000000006,75.0,295.90000000000003,75.0,16.977333333333334,75.0,27.446666666666665,75.0,20.456,75.0,23.312,75.0,70.58933333333333,75.0,49.396,75.0,20.54794520547945,0.0,0.0,62.0,0.0,,,,Period 2 (2006-2013),66.66666666666667,81.67534311405585,9.0041741204532,82.016,104820.0,8707020.0,Large (>=100k ha),False
Ahmednagar,2011 - 2012,2011,129500,11879200.0,91.73,2011-2012,Rahuri,RHI,2011.0,2012.0,2011-10-01,2012-09-30,366.0,356.0,97.26775956284152,0.0,23.0,56.1,23.0,214.6,23.0,56.56521739130435,23.0,16.569565217391304,23.0,24.27391304347826,23.0,11.960869565217392,23.0,28.30434782608696,23.0,32.61304347826087,23.0,6.284153005464481,0.0,0.0,23.0,0.0,,,,Period 2 (2006-2013),2.777777777777768,3.1502900211871854,0.36105032822757455,85.064,111480.0,9522780.0,Large (>=100k ha),False
Ahmednagar,2012 - 2013,2012,115500,8235700.0,71.3,2012-2013,Rahuri,RHI,2012.0,2013.0,2012-10-01,2013-09-30,365.0,332.0,90.95890410958904,0.0,26.0,66.7,26.0,229.4,26.0,57.11538461538461,26.0,16.246153846153845,26.0,24.76538461538462,26.0,11.096153846153843,26.0,28.23076923076923,26.0,33.2,26.0,7.123287671232877,0.0,0.0,26.0,0.0,,,,Period 2 (2006-2013),-10.81081081081081,-30.6712573237255,-22.271884879537783,87.57400000000001,120760.0,10607180.0,Large (>=100k ha),False
Ahmednagar,2013 - 2014,2013,110800,9643600.0,87.04,2013-2014,Rahuri,RHI,2013.0,2014.0,2013-10-01,2014-09-30,365.0,362.0,99.17808219178085,0.0,20.0,149.5,20.0,556.5,20.0,47.25,20.0,20.655,20.0,19.49,20.0,14.335,20.0,29.02,20.0,26.975,20.0,5.47945205479452,0.0,0.0,20.0,0.0,,,,Period 2 (2006-2013),-4.069264069264067,17.095086027902905,22.07573632538571,81.05,118040.0,9625320.0,Large (>=100k ha),False
Ahmednagar,2014 - 2015,2014,122000,11761000.0,96.4,2014-2015,Rahuri,RHI,2014.0,2015.0,2014-10-01,2015-09-30,365.0,365.0,100.0,289.40000000000003,272.0,1734.3000000000002,272.0,781.9,272.0,8.158088235294118,272.0,33.11029411764706,272.0,19.520220588235297,272.0,26.233455882352946,272.0,61.025735294117645,272.0,37.92058823529412,272.0,74.52054794520548,86.0,43.0,238.0,0.0,,,,Period 3 (2013-2020),10.108303249097483,21.956530756149164,10.753676470588225,76.42,104334.4,8085760.0,Large (>=100k ha),False
Ahmednagar,2015 - 2016,2015,112400,6607100.0,58.78,2015-2016,Rahuri,RHI,2015.0,2016.0,2015-10-01,2016-09-30,366.0,366.0,100.0,659.3000000000001,366.0,2419.1000000000004,366.0,2155.3,366.0,7.161748633879781,366.0,33.391530054644804,366.0,19.226229508196724,366.0,26.33907103825136,366.0,59.08469945355191,366.0,39.22131147540984,366.0,100.0,121.0,64.0,317.0,1.0,,,,Period 3 (2013-2020),-7.868852459016395,-43.82195391548338,-39.02489626556017,83.824,102115.2,8700400.0,Large (>=100k ha),True
Ahmednagar,2016 - 2017,2016,60972,4181400.0,68.58,2016-2017,Rahuri,RHI,2016.0,2017.0,2016-10-01,2017-09-30,365.0,365.0,100.0,103.6,108.0,523.7,108.0,527.0,108.0,16.016666666666666,108.0,28.26296296296296,108.0,15.575,108.0,20.024074074074072,108.0,57.14814814814815,108.0,37.28888888888888,108.0,29.58904109589041,0.0,0.0,106.0,1.0,,,,Period 3 (2013-2020),-45.75444839857651,-36.71353543914879,16.67233752977202,85.41600000000001,106852.4,9326914.0,Medium (50-100k ha),False
Ahmednagar,2017 - 2018,2017,104404,11308900.0,108.32,2017-2018,Rahuri,RHI,2017.0,2018.0,2017-10-01,2018-09-30,365.0,365.0,100.0,1.0,29.0,188.2,29.0,168.39999999999998,29.0,58.82758620689656,29.0,17.613793103448273,29.0,25.33103448275862,29.0,13.327586206896552,29.0,32.41379310344828,29.0,32.99310344827587,29.0,7.945205479452055,0.0,0.0,28.0,0.0,,,,Period 3 (2013-2020),71.23269697566097,170.45726311761612,57.946923301253996,80.526,96638.6,7995377.4,Large (>=100k ha),False
Ahmednagar,2018 - 2019,2018,134486,12776170.0,95.0,2018-2019,Rahuri,RHI,2018.0,2019.0,2018-10-01,2019-09-30,365.0,365.0,100.0,0.0,31.0,227.0,31.0,421.0,31.0,46.903225806451616,31.0,17.438709677419357,31.0,24.56774193548388,31.0,12.058064516129033,31.0,24.503225806451614,31.0,32.119354838709675,31.0,8.493150684931507,0.0,0.0,31.0,0.0,,,,Period 3 (2013-2020),28.813072296080612,12.974471434003298,-12.296898079763663,90.492,96154.0,9062983.488,Large (>=100k ha),False
Ahmednagar,2019 - 2020,2019,70931,5103317.0,71.95,2019-2020,Rahuri,RHI,2019.0,2020.0,2019-10-01,2020-09-30,366.0,366.0,100.0,1.4,12.0,60.1,12.0,84.6,12.0,79.41666666666667,12.0,15.741666666666664,12.0,22.78333333333333,12.0,10.108333333333333,12.0,42.75,12.0,29.758333333333336,12.0,3.278688524590164,0.0,0.0,11.0,0.0,,,,Period 3 (2013-2020),-47.257707121930906,-60.05597139048713,-24.263157894736842,96.676,125520.6,12361906.022,Medium (50-100k ha),False
Ahmednagar,2020 - 2021,2020,109977,11945130.44,108.61,2020-2021,Rahuri,RHI,2020.0,2021.0,2020-10-01,2021-09-30,365.0,365.0,100.0,0.0,19.0,75.4,19.0,164.20000000000002,19.0,83.57894736842105,19.0,15.826315789473684,19.0,18.27368421052632,19.0,10.442105263157892,19.0,31.63157894736842,19.0,29.673684210526314,19.0,5.205479452054795,0.0,0.0,19.0,0.0,,,,Period 3 (2013-2020),55.047863416559764,134.06600922498052,50.95205003474634,97.01200000000001,136639.8,13620126.022,Large (>=100k ha),False
Ahmednagar,2021 - 2022,2021,207805,20676012.67,99.5,2021-2022,,,,,,,,,,,,,,,,,,,,,,,,,,,,,,,,,,,,Other,88.9531447484474,73.09156039655606,-8.38780959396004,97.51500000000001,137178.25,13831115.0275,Large (>=100k ha),False
Ahmednagar,2022 - 2023,2022,160000,17600000.0,110.0,2022-2023,,,,,,,,,,,,,,,,,,,,,,,,,,,,,,,,,,,,Other,-23.00474002069247,-14.877204416029223,10.552763819095468,106.03666666666668,159260.66666666666,16740381.036666667,Large (>=100k ha),False
Bellary,1997 - 1998,1997,6945,488234.0,70.3,1997-1998,Bellary,BLY,1997.0,1998.0,1997-10-01,1998-09-30,365.0,92.0,25.2054794520548,90.4,92.0,504.0,92.0,92.4,92.0,,0.0,51.77826086956522,92.0,30.99673913043478,92.0,20.73695652173913,92.0,8.23804347826087,92.0,89.68478260869566,92.0,25.2054794520548,86.0,84.0,81.0,0.0,0.982608695652174,5.478260869565218,1.0043478260869565,Other,,,,89.61666666666667,7151.666666666667,642366.3333333334,Small (<50k ha),False
Bellary,1999 - 2000,1999,7336,655105.0,89.3,1999-2000,Bellary,BLY,1999.0,2000.0,1999-10-01,2000-09-30,366.0,366.0,100.0,472.4,366.0,2336.7,366.0,716.5,366.0,,0.0,40.24508196721312,366.0,32.261475409836066,366.0,21.346448087431693,366.0,12.7275956284153,366.0,75.1256830601093,366.0,100.0,232.0,205.0,319.0,1.0,1.2907103825136612,6.384426229508196,1.957650273224044,Period 1 (1999-2006),5.62994960403167,34.17848818394458,27.027027027027017,91.675,7280.25,669304.25,Small (<50k ha),True
Bellary,2000 - 2001,2000,7174,783760.0,109.25,2000-2001,Bellary,BLY,2000.0,2001.0,2000-10-01,2001-09-30,365.0,325.0,89.04109589041096,607.3,325.0,2163.0,325.0,643.4,325.0,,0.0,36.41107692307693,325.0,33.11446153846154,325.0,21.025,324.0,11.40892307692308,325.0,74.11200000000001,325.0,88.76712328767124,168.0,149.0,287.0,1.0,1.8686153846153848,6.655384615384615,1.979692307692308,Period 1 (1999-2006),-2.208287895310801,19.638836522389536,22.34042553191489,87.78,6889.6,612365.2,Small (<50k ha),True
Bellary,2001 - 2002,2001,7666,750118.0,97.85,2001-2002,Bellary,BLY,2001.0,2002.0,2001-10-01,2002-09-30,365.0,289.0,79.17808219178082,442.30000000000007,289.0,1896.0,289.0,607.2,289.0,,0.0,40.83183391003461,289.0,32.608304498269895,289.0,21.121875000000003,288.0,11.18477508650519,289.0,77.32006920415225,289.0,78.9041095890411,199.0,176.0,252.0,2.0,1.5304498269896196,6.560553633217993,2.101038062283737,Period 1 (1999-2006),6.858098689712855,-4.292385424109424,-10.43478260869566,87.02,5866.8,539070.8,Small (<50k ha),False
Bellary,2002 - 2003,2002,5327,384609.0,72.2,2002-2003,Bellary,BLY,2002.0,2003.0,2002-10-01,2003-09-30,365.0,350.0,95.8904109589041,273.5,350.0,2615.3,350.0,340.9,350.0,,0.0,33.26085714285714,350.0,34.67028571428572,350.0,22.055142857142854,350.0,9.644571428571428,350.0,71.57142857142857,350.0,95.8904109589041,155.0,118.0,318.0,0.0,0.7814285714285715,7.4722857142857135,0.974,Period 1 (1999-2006),-30.511348812940252,-48.72686697292959,-26.2135922330097,88.35,5105.8,475809.6,Small (<50k ha),True
Bellary,2003 - 2004,2003,1831,121762.0,66.5,2003-2004,Bellary,BLY,2003.0,2004.0,2003-10-01,2004-09-30,366.0,90.0,24.59016393442623,139.7,90.0,474.6,90.0,126.79999999999998,90.0,,0.0,43.51555555555556,90.0,30.671111111111102,90.0,18.742222222222225,90.0,10.696666666666664,90.0,84.55555555555556,90.0,24.59016393442623,72.0,62.0,78.0,0.0,1.5522222222222222,5.2733333333333325,1.4088888888888886,Period 1 (1999-2006),-65.62793317064013,-68.34135446648415,-7.8947368421052655,84.55,4329.6,378496.2,Small (<50k ha),False
Bellary,2005 - 2006,2005,3531,338799.0,95.95,2005-2006,,,,,,,,,,,,,,,,,,,,,,,,,,,,,,,,,,,,Period 1 (1999-2006),92.84543965046423,178.2469079023012,44.285714285714285,81.89,3276.8,269090.4,Small (<50k ha),False
Bellary,2006 - 2007,2006,3293,297193.0,90.25,2006-2007,Bellary,BLY,2006.0,2007.0,2006-10-01,2007-09-30,365.0,273.0,74.79452054794521,387.9,273.0,1891.1,273.0,441.1,273.0,,0.0,40.55531135531135,273.0,33.9010989010989,273.0,22.19264705882353,272.0,9.71062271062271,273.0,75.52234432234432,273.0,74.52054794520548,162.0,143.0,237.0,2.0,1.4208791208791207,6.9271062271062265,1.6157509157509156,Period 1 (1999-2006),-6.74030019824412,-12.280437663629462,-5.940594059405946,93.28999999999999,2597.8,242091.4,Small (<50k ha),False
Bellary,2007 - 2008,2007,2402,203089.0,84.55,2007-2008,Bellary,BLY,2007.0,2008.0,2007-10-01,2008-09-30,366.0,364.0,99.4535519125683,548.5999999999999,364.0,2209.0,364.0,830.8000000000001,364.0,,0.0,39.61758241758242,364.0,31.921487603305785,363.0,21.153591160220994,362.0,14.887362637362637,364.0,78.15604395604396,364.0,98.90710382513662,218.0,186.0,319.0,1.0,1.507142857142857,6.068681318681318,2.2824175824175827,Period 2 (2006-2013),-27.05739447312481,-31.66427203870885,-6.3157894736842195,99.37,2724.4,265491.4,Small (<50k ha),True
Bellary,2008 - 2009,2008,1932,249614.0,129.2,2008-2009,Bellary,BLY,2008.0,2009.0,2008-10-01,2009-09-30,365.0,242.0,66.3013698630137,112.7,242.0,1473.1,242.0,942.3,242.0,6.711111111111111,18.0,28.9103305785124,242.0,27.4095041322314,242.0,22.58008298755187,241.0,47.34669421487603,242.0,58.17768595041322,242.0,66.02739726027397,22.0,14.0,230.0,0.0,0.465702479338843,6.087190082644628,3.8938016528925616,Period 2 (2006-2013),-19.567027477102418,22.908675506797515,52.80898876404494,99.36999999999999,2290.8,223887.6,Small (<50k ha),False
Bellary,2009 - 2010,2009,2464,238762.0,96.9,2009-2010,Bellary,BLY,2009.0,2010.0,2009-10-01,2010-09-30,365.0,91.0,24.93150684931507,39.50000000000001,91.0,465.1,91.0,402.5,91.0,7.823529411764706,34.0,31.912087912087912,91.0,19.919780219780225,91.0,24.4989010989011,91.0,80.32967032967034,91.0,50.18681318681319,91.0,24.93150684931507,4.0,4.0,84.0,0.0,0.4340659340659341,5.110989010989012,4.423076923076923,Period 2 (2006-2013),27.536231884057962,-4.3475125593916975,-24.99999999999999,98.03999999999999,2393.4,228085.4,Small (<50k ha),False
Bellary,2010 - 2011,2010,1363,130780.0,95.95,2010-2011,,,,,,,,,,,,,,,,,,,,,,,,,,,,,,,,,,,,Period 2 (2006-2013),-44.68344155844156,-45.22578969852824,-0.9803921568627527,98.22999999999999,3045.0,284253.6,Small (<50k ha),False
Bellary,2011 - 2012,2011,3806,318182.0,83.6,2011-2012,Bellary,BLY,2011.0,2012.0,2011-10-01,2012-09-30,366.0,274.0,74.86338797814209,312.29999999999995,274.0,2016.0,274.0,179.2,274.0,,0.0,33.98248175182482,274.0,34.68905109489051,274.0,21.934306569343065,274.0,8.386861313868613,274.0,74.82481751824818,274.0,74.86338797814209,127.0,100.0,248.0,1.0,1.13978102189781,7.357664233576642,0.654014598540146,Period 2 (2006-2013),179.23697725605282,143.29561094968648,-12.871287128712883,88.53999999999999,3859.4,331295.4,Small (<50k ha),False
Bellary,2012 - 2013,2012,5660,483930.0,85.5,2012-2013,Bellary,BLY,2012.0,2013.0,2012-10-01,2013-09-30,365.0,365.0,100.0,496.3,365.0,2443.8,365.0,1446.4,365.0,,0.0,38.77150684931507,365.0,29.1758904109589,365.0,23.142739726027397,365.0,31.20958904109589,365.0,65.60328767123288,365.0,100.0,189.0,161.0,319.0,2.0,1.3597260273972602,6.695342465753425,3.962739726027397,Period 2 (2006-2013),48.712559117183396,52.09219880445784,2.2727272727272707,89.67999999999999,4047.8,353434.2,Small (<50k ha),True
Bellary,2013 - 2014,2013,6004,484823.0,80.75,2013-2014,Bellary,BLY,2013.0,2014.0,2013-10-01,2014-09-30,365.0,151.0,41.36986301369864,89.7,151.0,768.8,151.0,996.6,151.0,,0.0,35.59867549668874,151.0,22.032450331125823,151.0,22.048344370860928,151.0,55.18079470198676,151.0,56.78874172185431,151.0,41.36986301369864,40.0,35.0,143.0,0.0,0.5940397350993377,5.091390728476821,6.6000000000000005,Period 2 (2006-2013),6.077738515901054,0.18453082057321435,-5.555555555555558,91.00999999999999,5342.2,488052.4,Small (<50k ha),False
Bellary,2014 - 2015,2014,3406,349456.0,102.6,2014-2015,,,,,,,,,,,,,,,,,,,,,,,,,,,,,,,,,,,,Period 3 (2013-2020),-43.271152564956694,-27.920911342902464,27.058823529411757,88.92,5979.8,526738.2,Small (<50k ha),False
Bellary,2015 - 2016,2015,7835,803871.0,102.6,2015-2016,,,,,,,,,,,,,,,,,,,,,,,,,,,,,,,,,,,,Period 3 (2013-2020),130.03523194362887,130.03496863696716,0.0,88.72999999999999,5728.8,504440.8,Small (<50k ha),False
Bellary,2016 - 2017,2016,6994,511611.0,73.15,2016-2017,,,,,,,,,,,,,,,,,,,,,,,,,,,,,,,,,,,,Period 3 (2013-2020),-10.73388640714742,-36.35657960045828,-28.7037037037037,83.97999999999999,6547.2,522570.6,Small (<50k ha),False
Bellary,2017 - 2018,2017,4405,372443.0,84.55,2017-2018,,,,,,,,,,,,,,,,,,,,,,,,,,,,,,,,,,,,Period 3 (2013-2020),-37.017443523019736,-27.201917081532645,15.584415584415567,83.66999999999999,7069.2,574261.4,Small (<50k ha),False
Bellary,2018 - 2019,2018,10096,575472.0,57.0,2018-2019,,,,,,,,,,,,,,,,,,,,,,,,,,,,,,,,,,,,Period 3 (2013-2020),129.1940976163451,54.51277108174941,-32.58426966292135,79.15,6690.2,508527.2,Small (<50k ha),False
Bellary,2019 - 2020,2019,6016,607910.0,101.05,2019-2020,,,,,,,,,,,,,,,,,,,,,,,,,,,,,,,,,,,,Period 3 (2013-2020),-40.412044374009504,5.636764256123672,77.28070175438594,83.72,7243.0,593561.6,Small (<50k ha),False
Bellary,2020 - 2021,2020,5940,475200.0,80.0,2020-2021,,,,,,,,,,,,,,,,,,,,,,,,,,,,,,,,,,,,Period 3 (2013-2020),-1.2632978723404298,-21.830534125117207,-20.831271647699158,84.818,6582.8,538953.2,Small (<50k ha),False
Bellary,2021 - 2022,2021,9758,936783.0,96.0,2021-2022,,,,,,,,,,,,,,,,,,,,,,,,,,,,,,,,,,,,Other,64.27609427609428,97.1344696969697,19.999999999999996,91.77250000000001,5704.5,529823.5,Small (<50k ha),False
Bellary,2022 - 2023,2022,1104,99401.0,90.04,2022-2023,,,,,,,,,,,,,,,,,,,,,,,,,,,,,,,,,,,,Other,-88.686206189793,-89.3891114591106,-6.208333333333327,88.68,5600.666666666667,503794.6666666667,Small (<50k ha),False
Dharwad,1997 - 1998,1997,7762,442434.0,57.0,1997-1998,Dharwad (ET),DHR,1997.0,1998.0,1997-10-01,1998-09-30,365.0,365.0,100.0,760.3,365.0,1067.3000000000002,365.0,2616.9,365.0,,0.0,31.01780821917808,365.0,19.92684931506849,365.0,25.45042979942693,349.0,86.66575342465754,365.0,62.51397260273972,365.0,95.61643835616438,85.0,21.0,295.0,2.0,2.083013698630137,2.9241095890410964,7.1695890410958905,Other,,,,79.8,5063.333333333333,373410.6666666667,Small (<50k ha),True
Dharwad,1999 - 2000,1999,3906,359938.0,92.15,1999-2000,Dharwad (ET),DHR,1999.0,2000.0,1999-10-01,2000-09-30,366.0,365.0,99.72677595628416,609.8,365.0,1303.0,365.0,4274.599999999999,365.0,,0.0,29.88931506849315,365.0,19.039178082191786,365.0,24.46385542168675,332.0,74.31232876712329,365.0,48.7054794520548,365.0,90.7103825136612,50.0,10.0,305.0,0.0,1.6706849315068493,3.56986301369863,11.711232876712325,Period 1 (1999-2006),-49.67791806235506,-18.64594493189945,61.66666666666667,78.1375,4514.5,332506.5,Small (<50k ha),True
Dharwad,2000 - 2001,2000,3522,317860.0,90.25,2000-2001,Dharwad (ET),DHR,2000.0,2001.0,2000-10-01,2001-09-30,365.0,365.0,100.0,343.9,365.0,1213.0,365.0,4041.8,365.0,,0.0,30.02301369863013,365.0,19.478356164383563,365.0,24.7125748502994,334.0,73.08767123287672,365.0,50.22986301369863,365.0,91.5068493150685,59.0,5.0,315.0,0.0,0.9421917808219178,3.3232876712328765,11.073424657534249,Period 1 (1999-2006),-9.831029185867902,-11.690346670815533,-2.0618556701030966,75.05,4323.6,310647.6,Small (<50k ha),True
Dharwad,2001 - 2002,2001,2868,209794.0,73.15,2001-2002,Dharwad (ET),DHR,2001.0,2002.0,2001-10-01,2002-09-30,365.0,365.0,100.0,48.8,365.0,1305.1,365.0,3220.2,365.0,,0.0,30.66794520547945,365.0,19.67178082191781,365.0,25.307988165680477,338.0,73.53698630136986,365.0,46.983561643835614,365.0,92.6027397260274,71.0,10.0,354.0,0.0,0.1336986301369863,3.575616438356164,8.822465753424657,Period 1 (1999-2006),-18.568994889267465,-33.997986534952496,-18.947368421052623,70.11,3379.0,241792.8,Small (<50k ha),True
Dharwad,2002 - 2003,2002,3560,223212.0,62.7,2002-2003,Dharwad (ET),DHR,2002.0,2003.0,2002-10-01,2003-09-30,365.0,365.0,100.0,54.7,365.0,1451.5,365.0,3849.8,365.0,,0.0,30.49041095890411,365.0,19.813150684931504,365.0,25.36596385542169,332.0,71.32876712328768,365.0,48.02109589041096,365.0,90.95890410958904,86.0,6.0,355.0,0.0,0.1498630136986301,3.9767123287671233,10.547397260273971,Period 1 (1999-2006),24.128312412831242,6.395797782586721,-14.28571428571429,69.35,2847.2,191839.6,Small (<50k ha),True
Dharwad,2003 - 2004,2003,3039,98160.0,32.3,2003-2004,Dharwad (ET),DHR,2003.0,2004.0,2003-10-01,2004-09-30,366.0,366.0,100.0,58.5,366.0,3155.7000000000003,366.0,24220.1,366.0,,0.0,19.982513661202187,366.0,24.502071005917163,338.0,15.44368932038835,103.0,51.82704918032787,366.0,32.46120218579235,366.0,28.14207650273224,0.0,0.0,348.0,0.0,0.1598360655737705,8.622131147540985,66.17513661202186,Period 1 (1999-2006),-14.634831460674159,-56.02386968442556,-48.484848484848484,64.22,2419.4,146136.0,Small (<50k ha),False
Dharwad,2005 - 2006,2005,1247,110172.0,88.35,2005-2006,Dharwad (ET),DHR,2005.0,2006.0,2005-10-01,2006-09-30,365.0,365.0,100.0,781.1999999999999,365.0,2287.8,365.0,28272.0,365.0,,0.0,18.23835616438356,365.0,24.37953890489914,347.0,12.868571428571428,70.0,44.95972602739727,365.0,30.05178082191781,365.0,19.17808219178082,0.0,0.0,277.0,1.0,2.1402739726027398,6.267945205479452,77.45753424657535,Period 1 (1999-2006),-58.96676538334978,12.237163814180917,173.52941176470588,62.50999999999999,2590.2,152265.4,Small (<50k ha),False
Dharwad,2006 - 2007,2006,1383,89342.0,64.6,2006-2007,Dharwad (ET),DHR,2006.0,2007.0,2006-10-01,2007-09-30,365.0,365.0,100.0,1044.9,365.0,2820.8,365.0,30552.0,365.0,,0.0,19.03698630136986,365.0,24.71710144927536,345.0,12.345333333333334,75.0,51.72410958904109,365.0,30.189589041095893,365.0,20.54794520547945,0.0,0.0,271.0,2.0,2.8627397260273977,7.728219178082191,83.7041095890411,Period 1 (1999-2006),10.90617481956697,-18.906800275932177,-26.881720430107524,62.32000000000001,2452.0,143055.2,Small (<50k ha),False
Dharwad,2007 - 2008,2007,3722,240441.0,64.6,2007-2008,Dharwad (ET),DHR,2007.0,2008.0,2007-10-01,2008-09-30,366.0,366.0,100.0,920.6,366.0,12243.8,366.0,26921.0,366.0,,0.0,19.66775956284153,366.0,23.870980392156863,255.0,13.411042944785276,163.0,34.878961748633884,366.0,27.532513661202184,366.0,44.53551912568306,0.0,0.0,265.0,4.0,2.515300546448087,33.453005464480874,73.55464480874316,Period 2 (2006-2013),169.1250903832249,169.1242640639341,0.0,69.91999999999999,2018.6,135683.6,Small (<50k ha),False
Dharwad,2008 - 2009,2008,2869,177161.0,61.75,2008-2009,,,,,,,,,,,,,,,,,,,,,,,,,,,,,,,,,,,,Period 2 (2006-2013),-22.917786136485763,-26.318306777962164,-4.411764705882348,63.46,2675.8,164464.2,Small (<50k ha),False
Dharwad,2009 - 2010,2009,872,61302.0,70.3,2009-2010,,,,,,,,,,,,,,,,,,,,,,,,,,,,,,,,,,,,Period 2 (2006-2013),-69.60613454165214,-65.39757621598433,13.846153846153841,62.510000000000005,3092.2,188071.8,Small (<50k ha),False
Dharwad,2010 - 2011,2010,4533,254075.0,56.05,2010-2011,,,,,,,,,,,,,,,,,,,,,,,,,,,,,,,,,,,,Period 2 (2006-2013),419.83944954128435,314.4644546670582,-20.270270270270274,62.7,3254.6,199424.4,Small (<50k ha),False
Dharwad,2011 - 2012,2011,3465,207380.0,59.85,2011-2012,,,,,,,,,,,,,,,,,,,,,,,,,,,,,,,,,,,,Period 2 (2006-2013),-23.560555923229654,-18.378431565482632,6.779661016949157,64.03,3422.0,214690.2,Small (<50k ha),False
Dharwad,2012 - 2013,2012,4534,297204.0,65.55,2012-2013,,,,,,,,,,,,,,,,,,,,,,,,,,,,,,,,,,,,Period 2 (2006-2013),30.85137085137084,43.3137235991899,9.523809523809511,64.78999999999999,4978.2,330667.2,Small (<50k ha),False
Dharwad,2013 - 2014,2013,3706,253490.0,68.4,2013-2014,,,,,,,,,,,,,,,,,,,,,,,,,,,,,,,,,,,,Period 2 (2006-2013),-18.262020291133652,-14.708415768293836,4.347826086956541,67.07,5761.6,393842.6,Small (<50k ha),False
Dharwad,2014 - 2015,2014,8653,641187.0,74.1,2014-2015,,,,,,,,,,,,,,,,,,,,,,,,,,,,,,,,,,,,Period 3 (2013-2020),133.4862385321101,152.94370586610913,8.333333333333325,68.97,6534.0,453992.0,Small (<50k ha),False
Dharwad,2015 - 2016,2015,8450,569952.0,67.45,2015-2016,,,,,,,,,,,,,,,,,,,,,,,,,,,,,,,,,,,,Period 3 (2013-2020),-2.3460071651450365,-11.109863425178613,-8.974358974358964,71.63,7297.2,526230.8,Small (<50k ha),False
Dharwad,2016 - 2017,2016,7327,508127.0,69.35,2016-2017,,,,,,,,,,,,,,,,,,,,,,,,,,,,,,,,,,,,Period 3 (2013-2020),-13.289940828402369,-10.84740469372859,2.8169014084507005,71.63000000000001,8165.2,585602.0,Small (<50k ha),False
Dharwad,2017 - 2018,2017,8350,658398.0,78.85,2017-2018,,,,,,,,,,,,,,,,,,,,,,,,,,,,,,,,,,,,Period 3 (2013-2020),13.96205814112188,29.57351213377757,13.698630136986312,68.90599999999999,8019.0,553188.6,Small (<50k ha),False
Dharwad,2018 - 2019,2018,8046,550346.0,68.4,2018-2019,,,,,,,,,,,,,,,,,,,,,,,,,,,,,,,,,,,,Period 3 (2013-2020),-3.6407185628742567,-16.4113499737241,-13.253012048192758,70.816,7477.8,527655.8,Small (<50k ha),False
Dharwad,2019 - 2020,2019,7922,479120.0,60.48,2019-2020,,,,,,,,,,,,,,,,,,,,,,,,,,,,,,,,,,,,Period 3 (2013-2020),-1.541138453890134,-12.942040098410823,-11.578947368421066,75.346,7664.0,577975.0,Small (<50k ha),False
Dharwad,2020 - 2021,2020,5744,442288.0,77.0,2020-2021,,,,,,,,,,,,,,,,,,,,,,,,,,,,,,,,,,,,Period 3 (2013-2020),-27.493057308760417,-7.68742694940725,27.314814814814813,75.176,8206.2,618851.0,Small (<50k ha),False
Dharwad,2021 - 2022,2021,8258,759723.0,92.0,2021-2022,,,,,,,,,,,,,,,,,,,,,,,,,,,,,,,,,,,,Other,43.767409470752085,71.77110841804435,19.480519480519476,76.86999999999999,8246.25,635977.25,Small (<50k ha),False
Dharwad,2022 - 2023,2022,11061,862778.0,78.0,2022-2023,,,,,,,,,,,,,,,,,,,,,,,,,,,,,,,,,,,,Other,33.94284330346331,13.564812438217611,-15.217391304347828,82.33333333333333,8354.333333333334,688263.0,Small (<50k ha),False
Nashik,1999 - 2000,1999,23400,1963800.0,83.92,1999-2000,Niphad,NPD,1999.0,2000.0,1999-10-01,2000-09-30,366.0,348.0,95.08196721311477,692.5,348.0,2023.1,348.0,0.0,0.0,7.731137724550898,334.0,31.22902298850575,348.0,14.13448275862069,348.0,22.658620689655173,348.0,84.04885057471265,348.0,45.21551724137931,348.0,95.08196721311477,52.0,31.0,306.0,1.0,,,,Period 1 (1999-2006),,,,84.39999999999999,24033.333333333332,2031733.3333333333,Small (<50k ha),True
Nashik,2000 - 2001,2000,25100,2284500.0,91.02,2000-2001,Niphad,NPD,2000.0,2001.0,2000-10-01,2001-09-30,365.0,92.0,25.2054794520548,35.0,92.0,478.2,92.0,0.0,0.0,8.680434782608696,92.0,31.80434782608696,92.0,10.546739130434782,92.0,21.17608695652174,92.0,82.05434782608695,92.0,44.369565217391305,92.0,25.2054794520548,10.0,0.0,89.0,0.0,,,,Period 1 (1999-2006),7.264957264957261,16.330583562480893,8.460438512869395,81.035,23850.0,1937050.0,Small (<50k ha),False
Nashik,2001 - 2002,2001,23600,1846900.0,78.26,2001-2002,Niphad,NPD,2001.0,2002.0,2001-10-01,2002-09-30,365.0,0.0,0.0,0.0,0.0,0.0,0.0,0.0,0.0,,0.0,,0.0,,0.0,,0.0,,0.0,,0.0,0.0,0.0,0.0,0.0,0.0,,,,Period 1 (1999-2006),-5.976095617529875,-19.155176187349532,-14.018896945726201,76.194,23160.0,1781520.0,Small (<50k ha),False
Nashik,2002 - 2003,2002,23300,1653000.0,70.94,2002-2003,Niphad,NPD,2002.0,2003.0,2002-10-01,2003-09-30,365.0,0.0,0.0,0.0,0.0,0.0,0.0,0.0,0.0,,0.0,,0.0,,0.0,,0.0,,0.0,,0.0,0.0,0.0,0.0,0.0,0.0,,,,Period 1 (1999-2006),-1.2711864406779627,-10.498673452812824,-9.35343726041401,70.532,20900.0,1523340.0,Small (<50k ha),False
Nashik,2003 - 2004,2003,20400,1159400.0,56.83,2003-2004,Niphad,NPD,2003.0,2004.0,2003-10-01,2004-09-30,366.0,0.0,0.0,0.0,0.0,0.0,0.0,0.0,0.0,,0.0,,0.0,,0.0,,0.0,,0.0,,0.0,0.0,0.0,0.0,0.0,0.0,,,,Period 1 (1999-2006),-12.446351931330469,-29.860859044162126,-19.890047927826327,62.529999999999994,18740.0,1212340.0,Small (<50k ha),False
Nashik,2004 - 2005,2004,12100,672900.0,55.61,2004-2005,Niphad,NPD,2004.0,2005.0,2004-10-01,2005-09-30,365.0,241.0,66.02739726027397,624.6999999999999,241.0,1375.7,241.0,0.0,0.0,6.93211009174312,218.0,32.335684647302905,241.0,18.490041493775934,241.0,25.405809128630704,241.0,81.34854771784232,241.0,45.07883817427386,241.0,66.02739726027397,89.0,32.0,180.0,2.0,,,,Period 1 (1999-2006),-40.68627450980392,-41.96135932378816,-2.146753475277141,60.63199999999999,19720.0,1234940.0,Small (<50k ha),False
Nashik,2005 - 2006,2005,14300,729500.0,51.01,2005-2006,Niphad,NPD,2005.0,2006.0,2005-10-01,2006-09-30,365.0,365.0,100.0,976.4,365.0,1927.8,365.0,0.0,0.0,7.90632183908046,348.0,31.28054794520548,365.0,15.966849315068494,365.0,23.318327974276528,311.0,80.3890410958904,365.0,41.63835616438356,365.0,85.2054794520548,86.0,20.0,291.0,6.0,,,,Period 1 (1999-2006),18.181818181818187,8.411353841581226,-8.27189354432656,63.6,25100.0,1765600.0,Small (<50k ha),True
Nashik,2006 - 2007,2006,28500,1959900.0,68.77,2006-2007,Niphad,NPD,2006.0,2007.0,2006-10-01,2007-09-30,365.0,289.0,79.17808219178082,1015.4,289.0,1348.5,289.0,0.0,0.0,7.247970479704797,271.0,30.27889273356401,289.0,16.636332179930793,289.0,23.360984848484847,264.0,88.66782006920415,289.0,50.701388888888886,288.0,72.32876712328768,26.0,5.0,221.0,3.0,,,,Period 1 (1999-2006),99.30069930069929,168.66346812885538,34.8167026073319,66.19999999999999,28680.0,2068600.0,Small (<50k ha),False
Nashik,2007 - 2008,2007,50200,4306300.0,85.78,2007-2008,Niphad,NPD,2007.0,2008.0,2007-10-01,2008-09-30,366.0,366.0,100.0,617.3000000000001,366.0,2167.8,366.0,0.0,0.0,7.852011494252873,348.0,31.18661202185792,366.0,15.819398907103825,366.0,23.52185792349727,366.0,85.18852459016394,366.0,42.05737704918032,366.0,100.0,74.0,21.0,315.0,4.0,,,,Period 2 (2006-2013),76.14035087719297,119.72039389764784,24.73462265522759,69.664,32480.0,2387640.0,Medium (50-100k ha),True
Nashik,2008 - 2009,2008,38300,2674400.0,69.83,2008-2009,Niphad,NPD,2008.0,2009.0,2008-10-01,2009-09-30,365.0,333.0,91.23287671232876,320.80000000000007,333.0,2232.5,333.0,0.0,0.0,8.153395061728395,324.0,32.50960960960961,333.0,17.044744744744744,333.0,24.80570570570571,333.0,84.13213213213213,333.0,40.489489489489486,333.0,91.23287671232876,95.0,30.0,308.0,1.0,,,,Period 2 (2006-2013),-23.705179282868528,-37.89564126976755,-18.594077873630223,74.94200000000001,34760.0,2639580.0,Small (<50k ha),True
Nashik,2009 - 2010,2009,31100,2268100.0,72.93,2009-2010,Niphad,NPD,2009.0,2010.0,2009-10-01,2010-09-30,365.0,365.0,100.0,616.0,365.0,1915.1,365.0,0.0,0.0,7.508356545961003,359.0,31.861369863013696,365.0,17.149863013698628,365.0,24.5309589041096,365.0,84.33150684931506,365.0,46.07397260273972,365.0,100.0,91.0,50.0,312.0,2.0,,,,Period 2 (2006-2013),-18.79895561357703,-15.19219264134012,4.439352713733369,76.32000000000001,33980.0,2619840.0,Small (<50k ha),True
Nashik,2010 - 2011,2010,25700,1989200.0,77.4,2010-2011,Niphad,NPD,2010.0,2011.0,2010-10-01,2011-09-30,365.0,365.0,100.0,731.6999999999999,365.0,2185.2,365.0,0.0,0.0,7.385318559556786,361.0,31.05835616438356,365.0,17.083835616438357,365.0,24.0986301369863,365.0,86.44931506849315,365.0,45.66849315068493,365.0,100.0,69.0,15.0,301.0,2.0,,,,Period 2 (2006-2013),-17.36334405144695,-12.296635950795821,6.129164952694355,74.31800000000001,28860.0,2131360.0,Small (<50k ha),True
Nashik,2011 - 2012,2011,24600,1861200.0,75.66,2011-2012,Niphad,NPD,2011.0,2012.0,2011-10-01,2012-09-30,366.0,334.0,91.2568306010929,557.5999999999999,334.0,2275.0,334.0,0.0,0.0,7.922935779816514,327.0,31.408982035928144,334.0,15.06766467065868,334.0,23.260179640718565,334.0,82.69461077844312,334.0,42.790419161676645,334.0,91.2568306010929,78.0,25.0,291.0,3.0,,,,Period 2 (2006-2013),-4.280155642023342,-6.4347476372411005,-2.248062015503882,77.36600000000001,25400.0,1953780.0,Small (<50k ha),True
Nashik,2012 - 2013,2012,24600,1863900.0,75.77,2012-2013,Niphad,NPD,2012.0,2013.0,2012-10-01,2013-09-30,365.0,339.0,92.87671232876713,628.3,339.0,2213.6,339.0,0.0,0.0,9.050625,160.0,31.363126843657813,339.0,16.10560471976401,339.0,23.755457227138645,339.0,84.86430678466077,339.0,49.64011799410029,339.0,92.87671232876713,69.0,18.0,277.0,2.0,,,,Period 2 (2006-2013),0.0,0.14506769825919363,0.14538725878932013,79.25800000000001,22540.0,1777000.0,Small (<50k ha),True
Nashik,2013 - 2014,2013,21000,1786500.0,85.07,2013-2014,Niphad,NPD,2013.0,2014.0,2013-10-01,2014-09-30,365.0,334.0,91.5068493150685,613.6,334.0,2390.5,334.0,0.0,0.0,7.277011494252873,261.0,31.80029940119761,334.0,17.067664670658683,334.0,24.46347305389222,334.0,83.7934131736527,334.0,53.82335329341317,334.0,91.5068493150685,93.0,45.0,284.0,2.0,,,,Period 2 (2006-2013),-14.634146341463417,-4.152583293095125,12.273987066121151,79.89599999999999,21200.0,1685400.0,Small (<50k ha),True
Nashik,2014 - 2015,2014,16800,1384200.0,82.39,2014-2015,,,,,,,,,,,,,,,,,,,,,,,,,,,,,,,,,,,,Period 3 (2013-2020),-19.999999999999996,-22.518891687657426,-3.1503467732455492,81.992,18523.2,1506400.0,Small (<50k ha),False
Nashik,2015 - 2016,2015,19000,1531200.0,80.59,2015-2016,,,,,,,,,,,,,,,,,,,,,,,,,,,,,,,,,,,,Period 3 (2013-2020),13.095238095238093,10.619852622453397,-2.1847311566937755,83.502,15976.2,1331340.0,Small (<50k ha),False
Nashik,2016 - 2017,2016,11216,966200.0,86.14,2016-2017,,,,,,,,,,,,,,,,,,,,,,,,,,,,,,,,,,,,Period 3 (2013-2020),-40.96842105263158,-36.89916405433647,6.886710509988836,85.53399999999999,14845.2,1266300.8,Small (<50k ha),False
Nashik,2017 - 2018,2017,11865,988600.0,83.32,2017-2018,,,,,,,,,,,,,,,,,,,,,,,,,,,,,,,,,,,,Period 3 (2013-2020),5.7863766048502185,2.3183605878700053,-3.2737404225679168,85.1,14214.0,1208353.6,Small (<50k ha),False
Nashik,2018 - 2019,2018,15345,1461304.0,95.23,2018-2019,,,,,,,,,,,,,,,,,,,,,,,,,,,,,,,,,,,,Period 3 (2013-2020),29.3299620733249,47.81549666194618,14.294287085933766,91.588,13287.2,1226870.6400000001,Small (<50k ha),False
Nashik,2019 - 2020,2019,13644,1094464.0,80.22,2019-2020,,,,,,,,,,,,,,,,,,,,,,,,,,,,,,,,,,,,Period 3 (2013-2020),-11.085043988269794,-25.103606094282917,-15.761839756379292,89.68199999999999,15228.6,1354231.298,Small (<50k ha),False
Nashik,2020 - 2021,2020,14366,1623785.2,113.03,2020-2021,,,,,,,,,,,,,,,,,,,,,,,,,,,,,,,,,,,,Period 3 (2013-2020),5.291703312811502,48.36350944389216,40.90002493143854,91.33600000000001,19048.6,1723728.168,Small (<50k ha),False
Nashik,2021 - 2022,2021,20923,1603003.29,76.61,2021-2022,,,,,,,,,,,,,,,,,,,,,,,,,,,,,,,,,,,,Other,45.64248921063623,-1.2798435408821307,-32.221534105989555,90.36250000000001,19974.5,1789334.21,Small (<50k ha),False
Nashik,2022 - 2023,2022,30965,2836084.35,91.59,2022-2023,,,,,,,,,,,,,,,,,,,,,,,,,,,,,,,,,,,,Other,47.995029393490405,76.92317711961776,19.55358308314843,93.74333333333334,22084.666666666668,2020957.6133333333,Small (<50k ha),False
Solapur,1999 - 2000,1999,66700,6304500.0,94.52,1999-2000,Solapur,SLP,1999.0,2000.0,1999-10-01,2000-09-30,366.0,92.0,25.136612021857925,91.6,92.0,763.0,92.0,119.7,91.0,6.052173913043478,92.0,31.417391304347827,92.0,16.31847826086957,92.0,23.867391304347827,92.0,76.55434782608695,92.0,43.15217391304348,92.0,25.136612021857925,0.0,0.0,86.0,0.0,,,,Period 1 (1999-2006),,,,87.44333333333333,63733.333333333336,5596833.333333333,Medium (50-100k ha),False
Solapur,2000 - 2001,2000,64700,5952500.0,92.0,2000-2001,Solapur,SLP,2000.0,2001.0,2000-10-01,2001-09-30,365.0,0.0,0.0,0.0,0.0,0.0,0.0,0.0,0.0,,0.0,,0.0,,0.0,,0.0,,0.0,,0.0,0.0,0.0,0.0,0.0,0.0,,,,Period 1 (1999-2006),-2.998500749625188,-5.583313506225707,-2.6661024121878873,83.5425,61900.0,5210625.0,Medium (50-100k ha),False
Solapur,2001 - 2002,2001,59800,4533500.0,75.81,2001-2002,Solapur,SLP,2001.0,2002.0,2001-10-01,2002-09-30,365.0,272.0,74.52054794520548,556.6,272.0,2105.0,272.0,364.4,265.0,7.228308823529411,272.0,35.14264705882353,272.0,21.69446494464945,271.0,28.447232472324725,271.0,73.5404411764706,272.0,47.99261992619926,271.0,74.24657534246575,134.0,85.0,220.0,1.0,,,,Period 1 (1999-2006),-7.573415765069546,-23.838723225535485,-17.597826086956513,78.486,59240.0,4734800.0,Medium (50-100k ha),False
Solapur,2002 - 2003,2002,56400,4052000.0,71.84,2002-2003,Solapur,SLP,2002.0,2003.0,2002-10-01,2003-09-30,365.0,328.0,89.86301369863014,402.4,328.0,2570.3,328.0,478.3,325.0,7.4850609756097555,328.0,35.09024390243902,328.0,20.84325153374233,326.0,27.92957317073171,328.0,70.26219512195122,328.0,39.63109756097561,328.0,89.31506849315069,142.0,74.0,292.0,0.0,,,,Period 1 (1999-2006),-5.685618729096986,-10.620933053931836,-5.236776150903577,74.048,53180.0,4000460.0,Medium (50-100k ha),True
Solapur,2003 - 2004,2003,48600,2831500.0,58.26,2003-2004,Solapur,SLP,2003.0,2004.0,2003-10-01,2004-09-30,366.0,365.0,99.72677595628416,606.4000000000001,365.0,2610.0,365.0,141.6,141.0,7.645753424657535,365.0,34.56821917808219,365.0,20.41835616438356,365.0,27.49260273972603,365.0,70.20821917808219,365.0,41.78082191780822,365.0,99.72677595628416,131.0,86.0,312.0,1.0,,,,Period 1 (1999-2006),-13.829787234042556,-30.120927936821317,-18.903118040089094,72.224,53900.0,3942060.0,Small (<50k ha),True
Solapur,2004 - 2005,2004,36400,2632800.0,72.33,2004-2005,Solapur,SLP,2004.0,2005.0,2004-10-01,2005-09-30,365.0,327.0,89.58904109589041,692.7,327.0,2425.0,327.0,158.90000000000003,101.0,6.961162079510704,327.0,34.4262996941896,327.0,20.797859327217125,327.0,27.61162079510704,327.0,74.37614678899082,327.0,46.883792048929664,327.0,89.58904109589041,129.0,84.0,267.0,1.0,,,,Period 1 (1999-2006),-25.10288065843621,-7.01748190005298,24.150360453141097,74.086,70660.0,5480100.0,Small (<50k ha),True
Solapur,2005 - 2006,2005,68300,5660500.0,82.88,2005-2006,Solapur,SLP,2005.0,2006.0,2005-10-01,2006-09-30,365.0,365.0,100.0,602.3000000000001,365.0,2529.1000000000004,365.0,574.3,364.0,7.345753424657533,365.0,34.06931506849315,365.0,19.65616438356164,365.0,26.880000000000003,365.0,73.41643835616438,365.0,44.44109589041096,365.0,100.0,122.0,70.0,310.0,0.0,,,,Period 1 (1999-2006),87.63736263736264,114.99924035247643,14.585925618692098,75.57199999999999,90280.0,7119280.0,Medium (50-100k ha),True
Solapur,2006 - 2007,2006,143600,12223700.0,85.12,2006-2007,Solapur,SLP,2006.0,2007.0,2006-10-01,2007-09-30,365.0,365.0,100.0,652.7,365.0,2441.0,365.0,565.9000000000001,362.0,6.953150684931507,365.0,34.332328767123286,365.0,20.481643835616435,365.0,27.428493150684936,365.0,73.67123287671232,365.0,43.47123287671233,365.0,100.0,123.0,87.0,315.0,3.0,,,,Period 1 (1999-2006),110.2489019033675,115.94735447398641,2.7027027027027195,80.864,104060.0,8543860.0,Large (>=100k ha),True
Solapur,2007 - 2008,2007,154500,12247900.0,79.27,2007-2008,Solapur,SLP,2007.0,2008.0,2007-10-01,2008-09-30,366.0,366.0,100.0,612.3000000000001,366.0,2449.9,366.0,443.3,365.0,6.856830601092897,366.0,34.46229508196721,366.0,19.969398907103823,366.0,27.239071038251367,366.0,71.89071038251366,366.0,40.97540983606557,366.0,100.0,150.0,58.0,321.0,2.0,,,,Period 2 (2006-2013),7.59052924791086,0.19797606289422287,-6.872650375939859,84.912,118240.0,10003820.0,Large (>=100k ha),True
Solapur,2008 - 2009,2008,117500,9954400.0,84.72,2008-2009,Solapur,SLP,2008.0,2009.0,2008-10-01,2009-09-30,365.0,365.0,100.0,869.4000000000001,365.0,2331.4,365.0,530.2,362.0,7.263013698630137,365.0,34.94191780821917,365.0,20.214246575342468,365.0,27.60301369863013,365.0,68.3972602739726,365.0,38.24657534246575,365.0,100.0,153.0,90.0,319.0,4.0,,,,Period 2 (2006-2013),-23.94822006472492,-18.72565909257914,6.8752365333669685,87.95599999999999,137200.0,12071740.0,Large (>=100k ha),True
Solapur,2009 - 2010,2009,107300,9932600.0,92.57,2009-2010,Solapur,SLP,2009.0,2010.0,2009-10-01,2010-09-30,365.0,365.0,100.0,1080.1,365.0,2137.7,365.0,482.80000000000007,349.0,6.542699724517906,363.0,34.08767123287672,365.0,20.695616438356165,365.0,27.41780821917808,365.0,74.8027397260274,365.0,46.26575342465753,365.0,100.0,122.0,88.0,293.0,4.0,,,,Period 2 (2006-2013),-8.680851063829786,-0.21899863376999562,9.265816808309712,89.312,143160.0,12814240.0,Large (>=100k ha),True
Solapur,2010 - 2011,2010,163100,16000100.0,98.1,2010-2011,Solapur,SLP,2010.0,2011.0,2010-10-01,2011-09-30,365.0,365.0,100.0,696.9,365.0,2130.1,365.0,401.1,363.0,6.856164383561644,365.0,33.86054794520548,365.0,20.09780821917808,365.0,27.0027397260274,365.0,73.71232876712328,365.0,41.81095890410959,365.0,100.0,110.0,67.0,310.0,2.0,,,,Period 2 (2006-2013),52.00372786579683,61.08672452328696,5.973857621259593,86.934,141100.0,12307980.0,Large (>=100k ha),True
Solapur,2011 - 2012,2011,173400,15936200.0,91.9,2011-2012,Solapur,SLP,2011.0,2012.0,2011-10-01,2012-09-30,366.0,366.0,100.0,488.0,366.0,2396.7,366.0,463.5,364.0,7.088524590163935,366.0,34.956010928961746,366.0,20.26666666666667,366.0,27.628142076502737,366.0,67.94535519125684,366.0,39.09836065573771,366.0,100.0,146.0,86.0,325.0,1.0,,,,Period 2 (2006-2013),6.3151440833844275,-0.39937250392184653,-6.3200815494393385,87.1,142120.0,12414740.0,Large (>=100k ha),True
Solapur,2012 - 2013,2012,144200,9716600.0,67.38,2012-2013,Solapur,SLP,2012.0,2013.0,2012-10-01,2013-09-30,365.0,365.0,100.0,801.0999999999998,365.0,2413.4,365.0,457.3,353.0,6.872328767123288,365.0,34.24054794520548,365.0,19.78684931506849,365.0,27.03506849315068,365.0,70.98630136986301,365.0,38.95890410958904,365.0,100.0,121.0,76.0,294.0,4.0,,,,Period 2 (2006-2013),-16.839677047289502,-39.028124647030026,-26.68117519042439,88.1,161760.0,14438160.0,Large (>=100k ha),True
Solapur,2013 - 2014,2013,122600,10488200.0,85.55,2013-2014,Solapur,SLP,2013.0,2014.0,2013-10-01,2014-09-30,365.0,365.0,100.0,591.5,365.0,2337.5,365.0,579.2,365.0,7.076712328767123,365.0,34.00684931506849,365.0,19.735616438356164,365.0,26.895342465753423,365.0,74.11506849315069,365.0,38.84931506849315,365.0,100.0,116.0,80.0,309.0,1.0,,,,Period 2 (2006-2013),-14.979195561719838,7.941049338245887,26.966458889878297,80.456,165760.0,13431020.0,Large (>=100k ha),True
Solapur,2014 - 2015,2014,205500,20049700.0,97.57,2014-2015,Solapur,SLP,2014.0,2015.0,2014-10-01,2015-09-30,365.0,365.0,100.0,506.5,365.0,2561.6000000000004,365.0,393.4,333.0,7.411780821917809,365.0,34.549589041095885,365.0,19.70328767123288,365.0,27.15123287671233,365.0,71.16438356164383,365.0,34.35616438356164,365.0,100.0,172.0,69.0,320.0,2.0,,,,Period 3 (2013-2020),67.61827079934748,91.16435613355962,14.050263004091178,76.78599999999999,144028.8,11196194.0,Large (>=100k ha),True
Solapur,2015 - 2016,2015,183100,10964400.0,59.88,2015-2016,Solapur,SLP,2015.0,2016.0,2015-10-01,2016-09-30,366.0,366.0,100.0,784.1999999999998,366.0,2682.6,366.0,476.0,355.0,7.077868852459017,366.0,35.137158469945355,366.0,20.974863387978143,366.0,28.08169398907104,366.0,65.66120218579235,366.0,36.13387978142077,366.0,100.0,165.0,88.0,313.0,3.0,,,,Period 3 (2013-2020),-10.900243309002434,-45.31389497099707,-38.62867684739161,84.142,135289.8,11346504.0,Large (>=100k ha),True
Solapur,2016 - 2017,2016,64744,4762070.0,73.55,2016-2017,Solapur,SLP,2016.0,2017.0,2016-10-01,2017-09-30,365.0,364.0,99.72602739726028,540.0999999999999,364.0,647.6,364.0,156.29999999999998,86.0,7.974725274725275,364.0,34.62252747252747,364.0,19.68241758241758,364.0,27.17582417582417,364.0,69.6923076923077,364.0,34.85164835164835,364.0,99.72602739726028,121.0,75.0,314.0,1.0,,,,Period 3 (2013-2020),-64.6400873839432,-56.56789245193535,22.828991315965254,81.866,148773.4,12067591.0,Medium (50-100k ha),True
Solapur,2017 - 2018,2017,100505,10468150.0,104.16,2017-2018,Solapur,SLP,2017.0,2018.0,2017-10-01,2018-09-30,365.0,364.0,99.72602739726028,668.0,364.0,1946.2,364.0,0.0,0.0,7.1599447513812144,362.0,34.13406593406593,364.0,19.850824175824176,364.0,27.01428571428572,364.0,70.73351648351648,364.0,38.04395604395605,364.0,99.72602739726028,117.0,67.0,309.0,3.0,,,,Period 3 (2013-2020),55.23446188063759,119.82352212378231,41.617946974847044,80.65799999999999,127090.6,9834890.6,Large (>=100k ha),True
Solapur,2018 - 2019,2018,190018,14093635.0,74.17,2018-2019,Solapur,SLP,2018.0,2019.0,2018-10-01,2019-09-30,365.0,364.0,99.72602739726028,583.4,364.0,2321.6,364.0,346.0,272.0,7.513736263736264,364.0,34.86181318681319,364.0,20.144780219780223,364.0,27.525824175824173,364.0,67.86263736263736,364.0,34.832417582417584,364.0,99.72602739726028,146.0,89.0,305.0,0.0,,,,Period 3 (2013-2020),89.06323068504054,34.63348347129149,-28.79224270353302,89.714,133470.6,12163681.452000001,Large (>=100k ha),True
Solapur,2019 - 2020,2019,97086,8886198.0,91.53,2019-2020,Solapur,SLP,2019.0,2020.0,2019-10-01,2020-09-30,366.0,365.0,99.72677595628416,981.3,365.0,1824.0,365.0,663.8000000000001,352.0,7.0230136986301375,365.0,33.59041095890411,365.0,20.634246575342463,365.0,27.13643835616438,365.0,79.25205479452055,365.0,45.95616438356164,365.0,99.72677595628416,103.0,70.0,286.0,3.0,,,,Period 3 (2013-2020),-48.90694565777979,-36.94885670020545,23.405689631926663,95.53599999999999,171346.8,16428821.334,Medium (50-100k ha),True
Solapur,2020 - 2021,2020,215000,22608354.26,105.16,2020-2021,Solapur,SLP,2020.0,2021.0,2020-10-01,2021-09-30,365.0,364.0,99.72602739726028,907.2,364.0,1791.1,364.0,605.0,342.0,6.916758241758242,364.0,33.528296703296704,364.0,19.874175824175826,364.0,26.725274725274726,364.0,75.1923076923077,364.0,41.84065934065934,364.0,99.72602739726028,109.0,54.0,294.0,3.0,,,,Period 3 (2013-2020),121.4531446346538,154.42100502374583,14.891292472413408,92.142,197255.8,18346803.234,Large (>=100k ha),True
Solapur,2021 - 2022,2021,254125,26087769.41,102.66,2021-2022,Solapur,SLP,2021.0,2022.0,2021-10-01,2022-09-30,365.0,364.0,99.72602739726028,801.5,364.0,2017.5,364.0,558.2,342.0,6.351098901098901,364.0,33.59120879120879,364.0,20.731868131868133,364.0,27.183791208791213,364.0,76.5467032967033,364.0,43.71703296703296,364.0,99.72602739726028,109.0,71.0,297.0,0.0,,,,Other,18.19767441860465,15.38995324465513,-2.3773297831875206,96.63499999999999,199065.25,19410095.2925,Large (>=100k ha),True
Solapur,2022 - 2023,2022,230050,20058059.5,87.19,2022-2023,,,,,,,,,,,,,,,,,,,,,,,,,,,,,,,,,,,,Other,-9.473684210526311,-23.113167765461327,-15.069160335086696,98.33666666666666,233058.33333333334,22918061.05666667,Large (>=100k ha),False
